variant,axis_measured,delta_dp,delta_eo,leakage_auc,f1
baseline,region,0.05345433950424194,0.0033347010612487793,0.6411556429485726,0.9382251249419122
INLP@region,region,0.048708975315093994,0.0034700632095336914,0.5237060632202362,0.933521585296528
baseline,hungarian,0.41936615109443665,0.01633840799331665,0.9884167688629153,0.9382251249419122
INLP@region,hungarian,0.4302220940589905,0.03273218870162964,0.9796031131603647,0.933521585296528
baseline,roma,0.44734370708465576,0.04169708490371704,0.8611250768113513,0.9382251249419122
INLP@region,roma,0.44017931818962097,0.039159417152404785,0.8579506731467516,0.933521585296528
