dataset,seed,axis,n_train,n_test,embed_dim,acc_baseline,acc_after_inlp,acc_drop,f1_baseline,f1_after_inlp,f1_drop,leakage_pre,leakage_post,leakage_drop
pokec-z,42,gender,10000,26628,512,0.9479119723599219,0.9474237644584648,0.0004882079014570939,0.9477459355561875,0.9472581814955093,0.0004877540606781361,0.807770628457175,0.6365502961619466,0.17122033229522837
pokec-z,42,region,10000,26628,512,0.9479119723599219,0.9471984377347153,0.0007135346252065133,0.9477459355561875,0.9470427038586202,0.0007032316975672526,0.5798262204476321,0.5461931640972308,0.03363305635040126
pokec-z,42,age_group,10000,26628,512,0.9479119723599219,0.9390491212257773,0.008862851134144534,0.9477459355561875,0.9389010187714444,0.008844916784743084,0.9971959977668768,0.8324020799282384,0.1647939178386384
pokec-z,42,gender_x_age,10000,26628,512,0.9479119723599219,0.903560162235241,0.04435181012468081,0.9477459355561875,0.9035542774238995,0.04419165813228798,0.9433743630743967,0.726911069282417,0.2164632937919797
pokec-z,42,gender_x_region,10000,26628,512,0.9479119723599219,0.9419408141805619,0.005971158179360003,0.9477459355561875,0.9417907530314931,0.005955182524694402,0.7120698120993986,0.5834174270748632,0.12865238502453535
